date,2.0,3.0,5.0,7.0,10.0,20.0,30.0
2025-09-04,-15.996,-9.536,-3.187,0.139,1.1,0.96,0.581
2025-09-05,-16.701,-10.149,-3.46,-0.315,0.84,0.793,0.436
2025-09-08,-16.773,-9.902,-3.602,-0.481,0.631,0.614,0.321
2025-09-09,-16.21,-10.437,-2.997,-0.395,0.669,0.674,0.369
2025-09-10,-15.767,-10.635,-3.194,-0.584,0.543,0.64,0.337
2025-09-11,-16.07,-10.488,-3.353,-0.978,0.34,0.522,0.242
2025-09-12,-15.456,-9.957,-3.289,-0.698,0.441,0.536,0.272
2025-09-15,-17.097,-11.019,-3.926,-1.142,0.17,0.315,0.098
2025-09-16,-15.861,-10.125,-3.193,-0.583,0.501,0.55,0.274
2025-09-17,-14.91,-9.207,-3.093,-0.424,0.529,0.587,0.305
2025-09-18,-10.114,-6.673,-1.283,0.795,1.454,1.184,0.784
2025-09-19,-9.935,-6.419,-1.207,1.002,1.593,1.242,0.833
2025-09-22,-8.962,-6.447,-1.057,0.961,1.589,1.288,0.866
2025-09-23,-10.766,-4.827,-1.436,0.939,1.559,1.226,0.831
2025-09-24,-10.073,-4.919,-1.441,1.283,1.626,1.264,0.864
2025-09-25,-9.559,-5.122,-1.57,0.986,1.468,1.118,0.766
2025-09-26,-9.408,-4.645,-1.292,1.236,1.576,1.217,0.833
2025-09-29,-8.72,-5.52,-0.973,0.955,1.477,1.136,0.78
2025-09-30,-11.596,-6.464,-1.423,0.588,1.161,0.96,0.637
2025-10-01,-11.555,-6.546,-1.629,0.694,1.233,1.046,0.686
2025-10-02,-11.548,-6.547,-1.829,0.53,1.168,0.983,0.638
2025-10-03,-10.684,-6.068,-1.206,0.624,1.276,1.043,0.701
2025-10-06,-9.961,-4.819,-1.041,1.173,1.503,1.221,0.832
2025-10-07,-10.614,-6.403,-0.699,0.89,1.483,1.182,0.799
2025-10-08,-10.073,-5.894,-0.642,0.98,1.404,1.205,0.814
2025-10-09,-9.738,-6.027,-0.497,0.869,1.411,1.164,0.797
2025-10-10,-11.355,-6.751,-1.355,0.438,1.06,0.963,0.62
2025-10-14,-12.902,-7.733,-1.847,0.25,0.985,0.864,0.541
2025-10-15,-14.168,-7.891,-2.455,-0.064,0.674,0.708,0.414
2025-10-16,-15.868,-8.829,-2.84,-0.401,0.581,0.549,0.303
2025-10-17,-12.937,-7.197,-2.037,0.268,0.986,0.822,0.523
2025-10-20,-12.499,-7.003,-2.101,0.304,0.934,0.824,0.522
2025-10-21,-13.983,-7.778,-2.766,-0.176,0.704,0.623,0.365
2025-10-22,-13.629,-8.209,-2.331,-0.149,0.682,0.645,0.381
2025-10-23,-13.734,-7.592,-2.296,-0.097,0.643,0.685,0.398
2025-10-24,-13.599,-7.592,-2.296,-0.072,0.729,0.702,0.414
2025-10-27,-14.268,-7.496,-2.648,-0.209,0.548,0.584,0.334
2025-10-28,-15.198,-7.61,-3.119,-0.545,0.368,0.467,0.24
2025-10-29,-12.804,-6.853,-2.232,0.013,0.684,0.655,0.397
2025-10-30,-8.712,-4.832,-0.558,1.207,1.519,1.171,0.824
2025-10-31,-11.734,-6.68,-1.67,0.417,1.012,0.879,0.572
2025-11-03,-10.35,-5.394,-1.155,0.871,1.415,1.095,0.748
2025-11-04,-8.499,-4.317,-0.673,1.438,1.683,1.317,0.921
2025-11-05,-6.323,-2.575,0.327,2.101,2.189,1.639,1.182
2025-11-06,-7.283,-3.631,-0.095,1.674,2.097,1.516,1.082
2025-11-07,-7.693,-3.532,-0.413,1.85,2.06,1.52,1.083
2025-11-10,-7.725,-4.699,0.557,1.573,2.009,1.499,1.068
2025-11-12,-8.547,-4.938,-0.19,1.292,1.711,1.363,0.953
2025-11-13,-8.734,-4.943,-0.02,1.317,1.75,1.365,0.97
2025-11-14,-7.117,-4.08,0.326,1.672,2.011,1.549,1.117
2025-11-17,-8.185,-4.536,-0.201,1.414,1.869,1.447,1.021
2025-11-18,-7.576,-4.141,0.058,1.729,2.04,1.593,1.134
2025-11-19,-7.284,-3.438,0.221,1.9,2.148,1.708,1.202
2025-11-20,-7.682,-3.722,0.05,1.775,2.054,1.686,1.17
2025-11-21,-8.845,-4.922,-0.318,1.604,1.944,1.595,1.102
2025-11-24,-10.536,-4.29,-0.739,1.294,1.785,1.471,1.004
2025-11-25,-12.064,-5.077,-1.705,1.31,1.522,1.375,0.91
2025-11-26,-12.202,-5.647,-1.881,0.781,1.432,1.211,0.795
2025-11-28,-12.683,-6.135,-1.992,0.561,1.216,1.154,0.735
2025-12-01,-10.695,-5.861,-1.236,0.83,1.392,1.263,0.847
2025-12-02,-9.48,-4.304,-0.749,1.287,1.79,1.497,1.025
2025-12-03,-8.904,-4.678,-0.505,1.519,1.89,1.618,1.105
2025-12-04,-8.058,-3.329,0.01,1.741,2.139,1.717,1.203
2025-12-05,-7.186,-3.047,0.156,1.725,2.208,1.759,1.238
2025-12-08,-7.176,-3.522,0.624,1.837,2.174,1.742,1.239
2025-12-09,-6.026,-3.346,0.944,1.886,2.201,1.757,1.254
2025-12-10,-6.863,-3.319,0.774,2.006,2.085,1.804,1.269
2025-12-11,-3.574,-0.78,2.214,2.948,3.005,2.3,1.673
2025-12-12,-3.454,0.238,2.237,3.196,3.2,2.393,1.762
2025-12-15,-4.662,-1.002,1.714,2.903,2.897,2.227,1.616
2025-12-16,-4.44,-1.073,1.877,3.02,3.05,2.322,1.679
2025-12-17,-4.17,-0.978,1.934,3.062,3.081,2.343,1.697
2025-12-18,-4.282,-0.976,1.769,3.036,3.05,2.357,1.694
2025-12-19,-3.989,-0.41,2.071,3.191,3.167,2.378,1.728
2025-12-22,-5.853,1.453,1.652,3.286,3.073,2.4,1.733
2025-12-23,-4.146,1.326,1.751,3.431,3.159,2.398,1.746
2025-12-24,-4.135,0.886,1.634,3.208,3.07,2.295,1.673
2025-12-26,-5.784,-0.531,0.954,2.72,2.795,2.161,1.549
2025-12-29,-6.071,-1.409,1.111,2.578,2.653,2.125,1.515
2025-12-30,-5.047,-1.175,1.772,2.878,2.954,2.261,1.629
2025-12-31,-7.049,-1.457,1.023,2.372,2.505,2.002,1.423
2026-01-02,-5.146,-0.277,1.887,2.92,2.929,2.288,1.653
2026-01-05,-4.641,-0.254,1.934,3.048,3.081,2.383,1.718
2026-01-06,-3.895,0.231,2.226,3.263,3.241,2.484,1.801
2026-01-07,-3.745,-0.042,2.095,3.207,3.112,2.417,1.746
2026-01-08,-2.893,0.517,2.459,3.407,3.262,2.498,1.816
2026-01-09,-1.887,0.188,2.339,3.312,3.161,2.429,1.762
2026-01-12,-2.164,0.268,2.67,3.343,3.146,2.439,1.778
2026-01-13,-2.194,-0.355,2.537,3.243,3.139,2.433,1.764
2026-01-14,-2.604,-0.031,2.167,3.185,3.066,2.365,1.709
2026-01-15,-1.887,0.529,2.17,3.132,2.95,2.309,1.675
2026-01-16,-0.744,1.491,2.489,3.553,3.237,2.387,1.761
2026-01-20,0.306,1.6,3.149,3.995,3.469,2.586,1.921
2026-01-21,0.403,1.026,2.96,3.79,3.368,2.534,1.866
2026-01-22,0.667,1.328,2.959,3.668,3.259,2.441,1.796
2026-01-23,0.131,1.161,2.813,3.447,3.178,2.365,1.743
2026-01-26,-1.316,1.799,2.492,3.436,3.011,2.318,1.693
2026-01-27,-2.018,2.254,2.448,3.691,3.138,2.369,1.744
2026-01-28,-1.015,2.01,2.823,3.849,3.266,2.452,1.813
2026-01-29,-1.877,1.688,2.565,3.604,3.295,2.449,1.798
2026-01-30,-2.224,0.579,2.615,3.598,3.365,2.428,1.785
2026-02-02,-0.674,0.477,2.816,3.697,3.375,2.474,1.822
2026-02-03,-0.674,0.477,2.787,3.562,3.36,2.477,1.822
2026-02-04,-0.072,0.867,3.052,3.87,3.514,2.579,1.906
2026-02-05,-2.771,0.451,2.532,3.621,3.262,2.471,1.799
2026-02-06,-1.676,0.391,2.707,3.615,3.332,2.474,1.814
2026-02-09,-1.802,0.64,2.679,3.644,3.408,2.506,1.832
2026-02-10,-2.604,-0.862,2.482,3.304,3.098,2.302,1.674
2026-02-11,-1.644,-0.886,2.83,3.324,3.067,2.411,1.746
2026-02-12,-3.11,-1.657,2.178,2.876,2.797,2.168,1.567
2026-02-13,-5.022,-1.915,1.723,2.608,2.673,2.106,1.5
2026-02-17,-5.729,-1.747,1.253,2.366,2.534,1.979,1.404
2026-02-18,-5.056,-1.94,1.377,2.543,2.57,2.012,1.425
2026-02-19,-4.28,-1.359,1.558,2.773,2.729,2.11,1.504
2026-02-20,-3.983,-1.551,1.667,2.816,2.78,2.179,1.554
2026-02-23,-5.256,-2.027,1.207,2.605,2.698,2.158,1.521
2026-02-24,-5.757,-1.369,1.174,2.62,2.632,2.137,1.505
2026-02-25,-5.325,-1.194,0.957,2.791,2.647,2.133,1.505
2026-02-26,-6.1,-1.486,0.606,2.67,2.608,2.069,1.454
2026-02-27,-6.754,-3.092,0.468,2.384,2.495,1.994,1.386
2026-03-02,-5.397,-2.137,0.966,2.506,2.536,2.041,1.44
2026-03-03,-4.344,-2.697,1.209,2.591,2.599,2.044,1.454
2026-03-04,-3.386,-1.478,1.419,2.877,2.723,2.143,1.537
2026-03-05,-2.542,-0.701,1.831,3.086,2.825,2.169,1.584
2026-03-06,-2.029,-0.402,1.863,3.295,2.98,2.254,1.653
2026-03-09,-2.322,-0.698,1.811,2.978,2.889,2.124,1.564
2026-03-10,-1.758,-0.955,2.301,3.213,3.018,2.314,1.688
2026-03-11,-0.143,-0.645,2.693,3.358,3.291,2.489,1.83
2026-03-12,2.754,0.082,2.895,3.536,3.325,2.47,1.847
2026-03-13,1.765,0.43,2.81,3.768,3.361,2.498,1.882
2026-03-16,-0.373,-0.53,1.862,3.344,3.147,2.346,1.731
2026-03-17,0.509,-0.361,2.15,3.351,3.169,2.45,1.796
2026-03-18,2.78,0.697,2.77,3.655,3.38,2.566,1.899
2026-03-19,2.797,0.984,2.57,3.678,3.222,2.399,1.805
2026-03-20,4.565,2.469,3.478,4.337,3.676,2.683,1.968
2026-03-23,3.767,1.99,3.018,4.233,3.516,2.599,1.806
2026-03-24,4.777,2.861,3.352,4.231,3.574,2.615,1.915
2026-03-25,3.562,2.495,2.616,4.062,3.349,2.489,1.808
2026-03-26,6.015,3.493,3.231,4.231,3.538,2.592,1.722
2026-03-27,5.159,3.584,3.694,4.493,3.783,2.697,1.988
2026-03-30,4.406,2.092,3.264,4.104,3.507,2.55,1.86
2026-03-31,3.137,1.007,2.601,3.689,3.192,2.365,1.796
2026-04-01,4.392,1.796,3.242,3.835,3.331,2.493,1.899
2026-04-02,3.51,1.51,2.893,3.708,3.287,2.403,1.828
2026-04-03,4.53,2.279,3.029,3.91,3.348,2.467,1.882
2026-04-06,4.681,2.368,2.91,3.928,3.34,2.441,1.863
2026-04-07,4.684,1.484,3.407,3.939,3.539,2.525,1.93
2026-04-08,4.103,0.956,3.598,3.896,3.455,2.614,1.963
2026-04-09,4.257,1.056,3.682,4.075,3.521,2.679,2.014
2026-04-10,4.31,0.952,3.596,3.895,3.455,2.617,1.967
2026-04-13,3.019,1.103,3.173,3.766,3.418,2.552,1.916
2026-04-14,1.537,0.306,2.553,3.592,3.187,2.447,1.814
2026-04-15,1.058,0.67,2.188,3.35,3.155,2.347,1.751
2026-04-16,2.708,1.015,2.602,3.777,3.463,2.552,1.906
2026-04-17,1.47,0.238,2.513,3.685,3.337,2.488,1.849
2026-04-20,1.919,0.53,2.826,3.563,3.415,2.529,1.881
2026-04-21,3.312,1.407,2.82,3.783,3.468,2.526,1.898
2026-04-22,3.525,1.398,2.653,3.868,3.371,2.549,1.901
2026-04-23,4.526,1.381,3.146,3.754,3.531,2.547,1.919
2026-04-24,3.292,1.11,2.821,3.679,3.404,2.528,1.886
2026-04-27,3.027,2.038,2.745,4.06,3.52,2.573,1.939
2026-04-28,4.911,1.874,3.127,4.108,3.557,2.613,1.972
2026-04-29,6.782,2.735,3.634,4.33,3.724,2.698,2.061
2026-04-30,5.75,2.349,3.238,4.099,3.637,2.641,2.011
2026-05-01,5.695,2.549,3.357,4.157,3.61,2.662,2.026
2026-05-04,7.307,3.309,3.644,4.478,3.83,2.789,2.135
2026-05-05,7.022,3.514,3.77,4.337,3.735,2.698,2.076
2026-05-06,6.023,2.451,3.278,4.175,3.601,2.675,2.022
2026-05-07,7.024,3.027,3.629,4.435,3.788,2.737,2.092
2026-05-08,6.66,2.836,3.495,4.21,3.697,2.714,2.056
2026-05-11,7.38,3.023,3.962,4.381,3.767,2.761,2.11
2026-05-12,8.832,3.504,4.255,4.568,3.845,2.877,2.203
2026-05-13,8.7,3.707,4.356,4.489,3.952,2.876,2.218
2026-05-14,9.903,4.743,4.165,4.712,4.059,2.928,2.251
2026-05-15,12.493,6.006,5.328,5.352,4.368,3.204,2.313
2026-05-18,12.547,6.587,5.538,5.395,4.613,3.234,2.527
2026-05-19,14.359,7.335,5.895,5.961,4.8,3.389,2.567
2026-05-20,12.342,6.567,5.232,5.474,4.571,3.25,2.521
2026-05-21,12.531,6.309,5.484,5.35,4.416,3.208,2.485
2026-05-22,12.879,6.359,4.987,5.005,4.189,3.054,2.361
2026-05-26,8.997,5.569,3.975,4.359,3.876,2.784,2.152
2026-05-27,9.223,5.436,3.768,4.402,3.742,2.742,2.115
2026-05-28,8.952,5.166,3.705,4.219,3.682,2.696,2.076
2026-05-29,8.653,4.946,3.418,4.16,3.773,2.716,2.079
2026-06-01,9.372,4.337,3.886,4.173,3.581,2.656,2.045
2026-06-02,9.885,4.52,3.83,4.234,3.606,2.65,2.041
2026-06-03,10.774,5.528,4.014,4.375,3.776,2.757,2.04
2026-06-04,10.111,4.891,3.927,4.321,3.671,2.692,1.987
2026-06-05,12.672,5.921,4.365,4.469,3.831,2.775,1.973
2026-06-08,13.288,6.007,4.478,4.591,3.865,2.823,2.01
2026-06-09,11.063,5.333,4.776,4.56,3.863,2.817,2.094
2026-06-10,11.295,5.711,4.862,4.676,4.025,2.88,2.148
2026-06-11,9.711,4.835,4.162,4.225,3.613,2.691,1.983
2026-06-12,10.095,4.445,4.072,4.137,3.543,2.63,1.937
2026-06-15,9.316,3.85,3.56,4.015,3.437,2.524,1.942
2026-06-16,9.506,4.25,3.761,3.91,3.508,2.578,1.969
2026-06-17,11.531,5.65,3.896,4.103,3.505,2.597,1.826
2026-06-18,10.586,4.842,3.838,4.114,3.426,2.527,1.859
2026-06-22,11.937,5.714,4.185,4.278,3.635,2.682,1.896
2026-06-23,10.034,6.214,4.051,4.267,3.563,2.64,1.861
2026-06-24,8.638,5.116,3.097,3.936,3.334,2.441,1.787
2026-06-25,8.587,4.719,2.861,3.788,3.307,2.401,1.754
2026-06-26,8.622,4.227,2.965,3.739,3.384,2.446,1.876
2026-06-29,8.883,3.969,3.299,3.629,3.322,2.423,1.858
2026-06-30,9.308,4.055,3.189,3.731,3.322,2.457,1.708
2026-07-01,10.361,4.821,3.702,3.988,3.452,2.587,1.992
2026-07-02,10.433,4.742,4.028,4.162,3.614,2.673,1.972
2026-07-06,10.345,4.46,4.015,4.145,3.685,2.694,2.078
2026-07-07,9.502,4.518,4.759,4.559,3.934,2.844,2.206
2026-07-08,10.787,5.43,5.326,4.702,3.981,2.979,2.22
2026-07-09,10.86,6.037,5.178,4.926,4.143,3.06,2.285
2026-07-10,11.343,6.029,5.145,4.847,4.15,3.064,2.199
2026-07-13,11.265,6.874,5.018,4.81,4.175,3.018,2.263
2026-07-14,10.178,6.086,4.614,4.679,3.943,2.918,2.175
2026-07-15,9.524,5.502,4.26,4.47,3.946,2.896,2.23
2026-07-16,10.322,5.703,4.519,4.646,4.077,2.937,2.281
2026-07-17,11.002,5.903,4.589,4.626,4.052,2.956,2.204
2026-07-20,12.241,6.679,5.093,4.917,4.283,3.11,2.332
2026-07-21,12.152,7.014,4.858,5.039,4.109,3.074,2.303
2026-07-22,13.007,6.865,5.18,5.041,4.275,3.116,2.253
2026-07-23,14.005,7.238,5.237,5.165,4.272,3.142,2.187
2026-07-24,12.799,6.864,5.179,5.041,4.27,3.094,2.239
2026-07-27,12.35,6.917,4.737,4.92,4.077,3.032,2.092
2026-07-28,11.752,6.575,4.244,4.708,3.977,2.918,2.089
2026-07-29,10.99,6.827,4.835,5.051,4.318,3.152,2.369
2026-07-30,11.424,6.916,4.895,5.095,4.351,3.175,2.388
2026-07-31,11.876,7.066,5.591,5.313,4.546,3.288,2.487
2026-08-03,11.601,7.119,5.013,5.184,4.411,3.195,2.498
2026-08-04,10.262,5.984,4.572,4.831,4.159,3.067,2.385
2026-08-05,10.028,6.298,4.784,4.902,4.224,3.108,2.328
2026-08-06,11.583,6.849,5.118,5.026,4.385,3.172,2.478
2026-08-07,11.105,6.584,5.131,5.062,4.356,3.195,2.4
2026-08-10,12.581,7.05,5.449,5.422,4.537,3.282,2.57
2026-08-11,11.494,6.41,5.511,5.259,4.451,3.268,2.463
2026-08-12,11.827,6.418,5.648,5.154,4.463,3.29,2.568
2026-08-13,10.656,5.932,5.216,5.039,4.297,3.246,2.511
2026-08-14,11.29,6.701,5.404,5.244,4.527,3.313,2.587
2026-08-17,10.706,6.222,5.438,5.308,4.592,3.39,2.637
2026-08-18,11.128,6.576,5.202,5.337,4.584,3.317,2.595
2026-08-19,11.224,6.578,5.107,4.947,4.405,3.202,2.474
2026-08-20,11.432,6.803,5.595,5.154,4.429,3.29,2.536
2026-08-21,11.825,7.07,5.613,5.282,4.592,3.319,2.578
2026-08-24,11.622,7.045,5.288,5.167,4.335,3.232,2.5
2026-08-25,9.807,6.593,4.832,4.746,4.178,3.056,2.367
2026-08-26,10.568,7.505,4.862,5.067,4.234,3.119,2.42
2026-08-27,10.405,7.619,4.921,5.111,4.267,3.142,2.439
2026-08-28,12.64,7.966,5.325,5.076,4.372,3.182,2.48
2026-08-31,11.797,7.436,5.473,5.207,4.269,3.194,2.487
2026-09-01,13.411,8.383,5.886,5.287,4.475,3.257,2.558
2026-09-02,13.941,8.192,5.929,5.425,4.502,3.277,2.575
2026-09-03,13.106,7.917,5.899,5.155,4.473,3.208,2.52
2026-09-04,14.001,8.545,5.871,5.287,4.469,3.228,2.446
