date,2s10s,5s30s,2s5s,10s30s
2025-09-04,-17.096,-3.768,-12.809,0.519
2025-09-05,-17.542,-3.896,-13.241,0.404
2025-09-08,-17.404,-3.923,-13.171,0.311
2025-09-09,-16.879,-3.366,-13.212,0.3
2025-09-10,-16.31,-3.53,-12.573,0.206
2025-09-11,-16.41,-3.594,-12.717,0.098
2025-09-12,-15.897,-3.561,-12.166,0.169
2025-09-15,-17.267,-4.024,-13.171,0.072
2025-09-16,-16.362,-3.467,-12.668,0.227
2025-09-17,-15.438,-3.398,-11.817,0.223
2025-09-18,-11.568,-2.067,-8.83,0.671
2025-09-19,-11.528,-2.041,-8.727,0.76
2025-09-22,-10.55,-1.924,-7.904,0.722
2025-09-23,-12.325,-2.267,-9.33,0.729
2025-09-24,-11.699,-2.306,-8.632,0.762
2025-09-25,-11.027,-2.336,-7.989,0.702
2025-09-26,-10.984,-2.125,-8.116,0.743
2025-09-29,-10.198,-1.753,-7.748,0.697
2025-09-30,-12.757,-2.06,-10.174,0.523
2025-10-01,-12.788,-2.315,-9.926,0.546
2025-10-02,-12.716,-2.467,-9.719,0.53
2025-10-03,-11.961,-1.907,-9.478,0.576
2025-10-06,-11.464,-1.873,-8.921,0.67
2025-10-07,-12.097,-1.498,-9.915,0.684
2025-10-08,-11.477,-1.456,-9.431,0.59
2025-10-09,-11.149,-1.294,-9.241,0.614
2025-10-10,-12.415,-1.974,-10.0,0.44
2025-10-14,-13.887,-2.388,-11.055,0.445
2025-10-15,-14.842,-2.87,-11.712,0.26
2025-10-16,-16.449,-3.142,-13.028,0.278
2025-10-17,-13.923,-2.56,-10.9,0.464
2025-10-20,-13.433,-2.624,-10.398,0.411
2025-10-21,-14.687,-3.132,-11.217,0.338
2025-10-22,-14.311,-2.712,-11.298,0.301
2025-10-23,-14.377,-2.694,-11.438,0.245
2025-10-24,-14.328,-2.71,-11.303,0.315
2025-10-27,-14.816,-2.982,-11.62,0.214
2025-10-28,-15.567,-3.36,-12.079,0.128
2025-10-29,-13.487,-2.629,-10.572,0.286
2025-10-30,-10.231,-1.382,-8.153,0.696
2025-10-31,-12.746,-2.242,-10.064,0.44
2025-11-03,-11.766,-1.903,-9.195,0.668
2025-11-04,-10.182,-1.594,-7.826,0.762
2025-11-05,-8.512,-0.855,-6.65,1.007
2025-11-06,-9.38,-1.177,-7.189,1.015
2025-11-07,-9.753,-1.496,-7.28,0.978
2025-11-10,-9.734,-0.511,-8.282,0.941
2025-11-12,-10.258,-1.143,-8.357,0.758
2025-11-13,-10.484,-0.99,-8.714,0.78
2025-11-14,-9.129,-0.79,-7.444,0.895
2025-11-17,-10.054,-1.222,-7.985,0.848
2025-11-18,-9.616,-1.076,-7.634,0.906
2025-11-19,-9.432,-0.981,-7.504,0.946
2025-11-20,-9.737,-1.12,-7.732,0.885
2025-11-21,-10.789,-1.42,-8.527,0.842
2025-11-24,-12.321,-1.744,-9.797,0.78
2025-11-25,-13.586,-2.615,-10.359,0.613
2025-11-26,-13.634,-2.677,-10.32,0.636
2025-11-28,-13.898,-2.727,-10.691,0.481
2025-12-01,-12.087,-2.083,-9.459,0.545
2025-12-02,-11.27,-1.774,-8.731,0.766
2025-12-03,-10.794,-1.61,-8.399,0.784
2025-12-04,-10.197,-1.193,-8.068,0.936
2025-12-05,-9.394,-1.082,-7.342,0.97
2025-12-08,-9.35,-0.614,-7.8,0.936
2025-12-09,-8.226,-0.309,-6.97,0.947
2025-12-10,-8.949,-0.496,-7.637,0.816
2025-12-11,-6.579,0.54,-5.788,1.332
2025-12-12,-6.655,0.475,-5.691,1.438
2025-12-15,-7.559,0.099,-6.377,1.281
2025-12-16,-7.489,0.197,-6.316,1.37
2025-12-17,-7.251,0.237,-6.104,1.384
2025-12-18,-7.332,0.075,-6.051,1.356
2025-12-19,-7.156,0.343,-6.059,1.439
2025-12-22,-8.926,-0.081,-7.505,1.34
2025-12-23,-7.305,0.006,-5.897,1.413
2025-12-24,-7.205,-0.039,-5.77,1.397
2025-12-26,-8.579,-0.594,-6.739,1.246
2025-12-29,-8.724,-0.404,-7.182,1.138
2025-12-30,-8.001,0.143,-6.819,1.325
2025-12-31,-9.553,-0.4,-8.071,1.082
2026-01-02,-8.075,0.235,-7.033,1.276
2026-01-05,-7.723,0.216,-6.576,1.363
2026-01-06,-7.136,0.426,-6.122,1.44
2026-01-07,-6.857,0.349,-5.84,1.366
2026-01-08,-6.155,0.643,-5.352,1.446
2026-01-09,-5.048,0.577,-4.226,1.399
2026-01-12,-5.31,0.891,-4.833,1.368
2026-01-13,-5.333,0.773,-4.731,1.375
2026-01-14,-5.67,0.458,-4.771,1.357
2026-01-15,-4.836,0.494,-4.056,1.274
2026-01-16,-3.981,0.728,-3.234,1.476
2026-01-20,-3.162,1.228,-2.842,1.548
2026-01-21,-2.965,1.094,-2.557,1.502
2026-01-22,-2.592,1.162,-2.292,1.462
2026-01-23,-3.047,1.071,-2.682,1.435
2026-01-26,-4.326,0.799,-3.808,1.318
2026-01-27,-5.156,0.704,-4.466,1.393
2026-01-28,-4.28,1.01,-3.837,1.453
2026-01-29,-5.173,0.767,-4.442,1.498
2026-01-30,-5.589,0.83,-4.839,1.58
2026-02-02,-4.049,0.994,-3.49,1.553
2026-02-03,-4.034,0.965,-3.461,1.538
2026-02-04,-3.586,1.146,-3.124,1.608
2026-02-05,-6.032,0.732,-5.303,1.462
2026-02-06,-5.008,0.893,-4.383,1.518
2026-02-09,-5.209,0.847,-4.481,1.576
2026-02-10,-5.702,0.809,-5.086,1.425
2026-02-11,-4.711,1.084,-4.473,1.321
2026-02-12,-5.907,0.611,-5.288,1.23
2026-02-13,-7.695,0.223,-6.745,1.173
2026-02-17,-8.264,-0.151,-6.982,1.13
2026-02-18,-7.626,-0.048,-6.434,1.145
2026-02-19,-7.009,0.055,-5.839,1.226
2026-02-20,-6.764,0.112,-5.65,1.226
2026-02-23,-7.954,-0.314,-6.464,1.177
2026-02-24,-8.389,-0.331,-6.931,1.127
2026-02-25,-7.972,-0.548,-6.282,1.142
2026-02-26,-8.708,-0.847,-6.706,1.155
2026-02-27,-9.25,-0.919,-7.222,1.109
2026-03-02,-7.934,-0.474,-6.363,1.097
2026-03-03,-6.943,-0.245,-5.553,1.145
2026-03-04,-6.109,-0.118,-4.805,1.187
2026-03-05,-5.366,0.246,-4.372,1.24
2026-03-06,-5.009,0.21,-3.892,1.327
2026-03-09,-5.211,0.247,-4.133,1.325
2026-03-10,-4.777,0.613,-4.06,1.33
2026-03-11,-3.434,0.863,-2.836,1.461
2026-03-12,-0.571,1.048,-0.141,1.478
2026-03-13,-1.595,0.928,-1.045,1.479
2026-03-16,-3.52,0.13,-2.235,1.416
2026-03-17,-2.661,0.354,-1.642,1.373
2026-03-18,-0.6,0.871,0.01,1.481
2026-03-19,-0.425,0.765,0.227,1.417
2026-03-20,0.888,1.51,1.087,1.708
2026-03-23,0.251,1.212,0.749,1.71
2026-03-24,1.202,1.437,1.425,1.659
2026-03-25,0.213,0.809,0.946,1.542
2026-03-26,2.477,1.509,2.784,1.815
2026-03-27,1.376,1.706,1.465,1.795
2026-03-30,0.9,1.404,1.142,1.646
2026-03-31,-0.054,0.805,0.536,1.396
2026-04-01,1.061,1.343,1.149,1.432
2026-04-02,0.224,1.064,0.618,1.458
2026-04-03,1.182,1.146,1.502,1.466
2026-04-06,1.341,1.047,1.771,1.478
2026-04-07,1.145,1.477,1.277,1.61
2026-04-08,0.648,1.634,0.505,1.492
2026-04-09,0.736,1.668,0.575,1.507
2026-04-10,0.854,1.629,0.714,1.489
2026-04-13,-0.399,1.257,-0.154,1.502
2026-04-14,-1.65,0.738,-1.016,1.373
2026-04-15,-2.097,0.437,-1.13,1.404
2026-04-16,-0.755,0.696,0.106,1.557
2026-04-17,-1.867,0.665,-1.043,1.489
2026-04-20,-1.496,0.945,-0.907,1.534
2026-04-21,-0.156,0.922,0.493,1.57
2026-04-22,0.154,0.752,0.873,1.47
2026-04-23,0.995,1.226,1.38,1.612
2026-04-24,-0.112,0.935,0.47,1.518
2026-04-27,-0.493,0.806,0.282,1.581
2026-04-28,1.354,1.155,1.784,1.585
2026-04-29,3.058,1.573,3.148,1.663
2026-04-30,2.113,1.227,2.512,1.626
2026-05-01,2.085,1.331,2.338,1.584
2026-05-04,3.478,1.509,3.663,1.695
2026-05-05,3.286,1.695,3.251,1.66
2026-05-06,2.422,1.257,2.745,1.58
2026-05-07,3.236,1.537,3.396,1.696
2026-05-08,2.963,1.438,3.165,1.64
2026-05-11,3.612,1.852,3.418,1.657
2026-05-12,4.987,2.052,4.577,1.642
2026-05-13,4.748,2.137,4.344,1.734
2026-05-14,5.844,1.914,5.738,1.809
2026-05-15,8.125,3.015,7.164,2.055
2026-05-18,7.934,3.011,7.009,2.086
2026-05-19,9.559,3.328,8.464,2.233
2026-05-20,7.771,2.71,7.111,2.05
2026-05-21,8.115,2.999,7.048,1.931
2026-05-22,8.69,2.626,7.892,1.827
2026-05-26,5.121,1.823,5.022,1.724
2026-05-27,5.482,1.654,5.455,1.627
2026-05-28,5.27,1.629,5.248,1.607
2026-05-29,4.88,1.339,5.235,1.694
2026-06-01,5.791,1.841,5.485,1.536
2026-06-02,6.279,1.789,6.054,1.565
2026-06-03,6.998,1.974,6.759,1.736
2026-06-04,6.44,1.94,6.184,1.685
2026-06-05,8.841,2.392,8.307,1.858
2026-06-08,9.423,2.468,8.809,1.854
2026-06-09,7.2,2.683,6.287,1.769
2026-06-10,7.27,2.715,6.433,1.877
2026-06-11,6.098,2.179,5.548,1.63
2026-06-12,6.552,2.134,6.024,1.606
2026-06-15,5.879,1.618,5.756,1.495
2026-06-16,5.999,1.791,5.746,1.538
2026-06-17,8.027,2.069,7.636,1.678
2026-06-18,7.16,1.979,6.748,1.567
2026-06-22,8.302,2.289,7.753,1.739
2026-06-23,6.471,2.19,5.983,1.702
2026-06-24,5.305,1.311,5.541,1.547
2026-06-25,5.279,1.107,5.725,1.553
2026-06-26,5.238,1.089,5.657,1.509
2026-06-29,5.562,1.441,5.584,1.464
2026-06-30,5.986,1.481,6.119,1.614
2026-07-01,6.91,1.71,6.659,1.46
2026-07-02,6.818,2.056,6.404,1.642
2026-07-06,6.66,1.937,6.33,1.607
2026-07-07,5.568,2.553,4.744,1.728
2026-07-08,6.806,3.105,5.461,1.76
2026-07-09,6.717,2.893,5.682,1.858
2026-07-10,7.192,2.945,6.198,1.951
2026-07-13,7.09,2.756,6.247,1.912
2026-07-14,6.235,2.44,5.564,1.769
2026-07-15,5.578,2.03,5.264,1.716
2026-07-16,6.245,2.238,5.803,1.796
2026-07-17,6.95,2.385,6.414,1.848
2026-07-20,7.958,2.761,7.149,1.952
2026-07-21,8.043,2.555,7.294,1.806
2026-07-22,8.731,2.927,7.827,2.022
2026-07-23,9.733,3.05,8.768,2.085
2026-07-24,8.529,2.94,7.62,2.031
2026-07-27,8.272,2.645,7.613,1.986
2026-07-28,7.775,2.155,7.509,1.888
2026-07-29,6.672,2.466,6.155,1.949
2026-07-30,7.072,2.507,6.529,1.963
2026-07-31,7.331,3.104,6.286,2.059
2026-08-03,7.19,2.516,6.588,1.913
2026-08-04,6.103,2.187,5.69,1.774
2026-08-05,5.804,2.456,5.244,1.896
2026-08-06,7.198,2.64,6.464,1.906
2026-08-07,6.749,2.73,5.974,1.956
2026-08-10,8.043,2.879,7.132,1.967
2026-08-11,7.042,3.048,5.982,1.988
2026-08-12,7.364,3.08,6.179,1.895
2026-08-13,6.36,2.705,5.44,1.786
2026-08-14,6.763,2.817,5.886,1.94
2026-08-17,6.114,2.8,5.269,1.955
2026-08-18,6.543,2.608,5.925,1.99
2026-08-19,6.819,2.633,6.117,1.93
2026-08-20,7.002,3.059,5.837,1.894
2026-08-21,7.233,3.035,6.212,2.014
2026-08-24,7.288,2.788,6.334,1.834
2026-08-25,5.628,2.465,4.975,1.812
2026-08-26,6.334,2.442,5.706,1.814
2026-08-27,6.138,2.482,5.484,1.828
2026-08-28,8.268,2.845,7.315,1.892
2026-08-31,7.528,2.987,6.323,1.782
2026-09-01,8.935,3.327,7.525,1.917
2026-09-02,9.439,3.353,8.012,1.926
2026-09-03,8.632,3.38,7.206,1.954
2026-09-04,9.532,3.425,8.129,2.022
