maturity,zero,par,df
0.5,0.0398,0.0398,0.98048828
1.0,0.0413155,0.0413,0.95993036
1.5,0.04272806,0.0426875,0.93855197
2.0,0.0437649,0.0437,0.9170568
2.5,0.04424973,0.04417569,0.89635538
3.0,0.04458081,0.0445,0.87610123
3.5,0.04484939,0.04476142,0.85621077
4.0,0.04506987,0.04497487,0.83670963
4.5,0.04527995,0.04517589,0.81751384
5.0,0.04551858,0.0454,0.79848299
5.5,0.04580637,0.04566529,0.77950725
6.0,0.04612111,0.0459516,0.76064831
6.5,0.04643809,0.04623711,0.74200701
7.0,0.04673179,0.0465,0.7237138
7.5,0.04699537,0.04673487,0.70582499
8.0,0.04724393,0.04695472,0.68828208
8.5,0.04748424,0.04716536,0.67105836
9.0,0.04772329,0.04737258,0.65411945
9.5,0.04796834,0.0475822,0.63742398
10.0,0.0482269,0.0478,0.62092423
10.5,0.04851237,0.04803608,0.60453231
11.0,0.04883037,0.04829421,0.58820384
11.5,0.04917684,0.04857068,0.57195626
12.0,0.04954761,0.04886181,0.55581162
12.5,0.04993837,0.0491639,0.53979614
13.0,0.05034463,0.04947326,0.52393981
13.5,0.0507617,0.0497862,0.50827594
14.0,0.05118465,0.05009903,0.4928408
14.5,0.0516083,0.05040805,0.47767324
15.0,0.05202715,0.05070958,0.46281431
15.5,0.0524354,0.05099991,0.44830692
16.0,0.0528269,0.05127535,0.4341955
16.5,0.05319511,0.05153223,0.42052572
17.0,0.05353314,0.05176683,0.40734419
17.5,0.0538337,0.05197547,0.39469825
18.0,0.05408914,0.05215445,0.38263573
18.5,0.05429147,0.05230009,0.37120475
19.0,0.05443239,0.05240869,0.36045363
19.5,0.05450339,0.05247656,0.35043074
20.0,0.05449583,0.0525,0.34118446
20.5,0.05444711,0.05249999,0.33245761
21.0,0.05440056,0.0524999,0.32395492
21.5,0.05435588,0.05249966,0.31567165
22.0,0.05431277,0.0524992,0.30760322
22.5,0.05427095,0.05249844,0.2997452
23.0,0.05423011,0.0524973,0.29209331
23.5,0.05418999,0.05249571,0.28464344
24.0,0.05415031,0.0524936,0.27739159
24.5,0.05411079,0.05249089,0.27033389
25.0,0.05407115,0.0524875,0.26346663
25.5,0.05403113,0.05248336,0.25678619
26.0,0.05399045,0.0524784,0.25028908
26.5,0.05394884,0.05247254,0.24397191
27.0,0.05390601,0.0524657,0.23783143
27.5,0.05386168,0.05245781,0.23186446
28.0,0.05381557,0.0524488,0.22606794
28.5,0.0537674,0.05243859,0.22043888
29.0,0.05371686,0.0524271,0.21497441
29.5,0.05366366,0.05241426,0.20967174
30.0,0.05360751,0.0524,0.20452816
